file,input.class,prediction,Correct.prediction,percentage
airport_118_2_msrgb.jpg,airport,airport,1,0.98418784
airport_118_5_msrgb.jpg,airport,airport,1,0.98250073
airport_118_7_msrgb.jpg,airport,airport,1,0.985504
airport_139_1_msrgb.jpg,airport,airport,1,0.9934896
airport_166_8_msrgb.jpg,airport,airport,1,0.7736072
airport_199_7_msrgb.jpg,airport,airport,1,0.80183566
airport_211_1_msrgb.jpg,airport,airport,1,0.97612834
airport_299_2_msrgb.jpg,airport,airport,1,0.9961767
airport_30_6_msrgb.jpg,airport,airport,1,0.69945174
airport_312_0_msrgb.jpg,airport,runway,0,0.70901996
airport_319_0_msrgb.jpg,airport,airport,1,0.9566721
airport_407_0_msrgb.jpg,airport,airport,1,0.98113453
airport_40_5_msrgb.jpg,airport,airport,1,0.97880995
airport_431_0_msrgb.jpg,airport,airport,1,0.9823774
airport_7_8_msrgb.jpg,airport,airport,1,0.9889359
airport_hangar_1117_1_msrgb.jpg,airport_hangar,toll_booth,0,0.08029256
airport_hangar_137_0_msrgb.jpg,airport_hangar,airport_terminal,0,0.58938634
airport_hangar_146_0_msrgb.jpg,airport_hangar,solar_farm,0,0.7426583
airport_hangar_147_0_msrgb.jpg,airport_hangar,airport_terminal,0,0.91058505
airport_hangar_300_6_msrgb.jpg,airport_hangar,airport_hangar,1,0.9722979
airport_hangar_310_4_msrgb.jpg,airport_hangar,railway_bridge,0,0.20683527
airport_hangar_344_1_msrgb.jpg,airport_hangar,airport_hangar,1,0.8979816
airport_hangar_398_6_msrgb.jpg,airport_hangar,airport_hangar,1,0.1111569
airport_hangar_404_7_msrgb.jpg,airport_hangar,airport_terminal,0,0.6189284
airport_hangar_405_8_msrgb.jpg,airport_hangar,airport_terminal,0,0.35256955
airport_hangar_432_7_msrgb.jpg,airport_hangar,airport_hangar,1,0.6929443
airport_hangar_487_1_msrgb.jpg,airport_hangar,airport_hangar,1,0.74061114
airport_hangar_549_9_msrgb.jpg,airport_hangar,airport_hangar,1,0.382078
airport_hangar_573_0_msrgb.jpg,airport_hangar,ground_transportation_station,0,0.115502305
airport_hangar_850_1_msrgb.jpg,airport_hangar,airport_hangar,1,0.5061335
airport_terminal_1068_0_msrgb.jpg,airport_terminal,airport_terminal,1,0.9966903
airport_terminal_122_2_msrgb.jpg,airport_terminal,airport_terminal,1,0.9158526
airport_terminal_197_2_msrgb.jpg,airport_terminal,airport_terminal,1,0.66916895
airport_terminal_215_6_msrgb.jpg,airport_terminal,airport_terminal,1,0.33424953
airport_terminal_25_1_msrgb.jpg,airport_terminal,airport_terminal,1,0.2976976
airport_terminal_318_2_msrgb.jpg,airport_terminal,airport_terminal,1,0.5032093
airport_terminal_414_3_msrgb.jpg,airport_terminal,airport_terminal,1,0.9490024
airport_terminal_439_3_msrgb.jpg,airport_terminal,airport_terminal,1,0.42479634
airport_terminal_522_5_msrgb.jpg,airport_terminal,airport_terminal,1,0.68129975
airport_terminal_532_4_msrgb.jpg,airport_terminal,toll_booth,0,0.35435256
airport_terminal_546_0_msrgb.jpg,airport_terminal,tunnel_opening,0,0.16360526
airport_terminal_680_0_msrgb.jpg,airport_terminal,airport_terminal,1,0.8122057
airport_terminal_761_3_msrgb.jpg,airport_terminal,airport_terminal,1,0.9308816
airport_terminal_857_5_msrgb.jpg,airport_terminal,airport_terminal,1,0.710721
airport_terminal_8_5_msrgb.jpg,airport_terminal,airport_terminal,1,0.94433427
amusement_park_1017_0_msrgb.jpg,amusement_park,amusement_park,1,0.5210724
amusement_park_1127_5_msrgb.jpg,amusement_park,amusement_park,1,0.8190893
amusement_park_1138_5_msrgb.jpg,amusement_park,amusement_park,1,0.96246976
amusement_park_1211_3_msrgb.jpg,amusement_park,amusement_park,1,0.7679419
amusement_park_140_8_msrgb.jpg,amusement_park,amusement_park,1,0.8358983
amusement_park_178_6_msrgb.jpg,amusement_park,amusement_park,1,0.79722303
amusement_park_311_0_msrgb.jpg,amusement_park,amusement_park,1,0.8981056
amusement_park_325_1_msrgb.jpg,amusement_park,amusement_park,1,0.7899538
amusement_park_361_1_msrgb.jpg,amusement_park,amusement_park,1,0.82289
amusement_park_42_6_msrgb.jpg,amusement_park,impoverished_settlement,0,0.90310955
amusement_park_52_0_msrgb.jpg,amusement_park,amusement_park,1,0.8154605
amusement_park_716_9_msrgb.jpg,amusement_park,amusement_park,1,0.5956363
amusement_park_746_5_msrgb.jpg,amusement_park,amusement_park,1,0.57900685
amusement_park_88_4_msrgb.jpg,amusement_park,space_facility,0,0.6951224
amusement_park_949_0_msrgb.jpg,amusement_park,amusement_park,1,0.5799054
aquaculture_183_0_msrgb.jpg,aquaculture,aquaculture,1,0.9954946
aquaculture_183_3_msrgb.jpg,aquaculture,aquaculture,1,0.97101915
aquaculture_208_6_msrgb.jpg,aquaculture,aquaculture,1,0.9734282
aquaculture_218_4_msrgb.jpg,aquaculture,aquaculture,1,0.6455911
aquaculture_220_0_msrgb.jpg,aquaculture,aquaculture,1,0.9723929
aquaculture_254_2_msrgb.jpg,aquaculture,aquaculture,1,0.94813144
aquaculture_295_0_msrgb.jpg,aquaculture,aquaculture,1,0.79594237
aquaculture_328_0_msrgb.jpg,aquaculture,aquaculture,1,0.22375822
aquaculture_32_0_msrgb.jpg,aquaculture,aquaculture,1,0.23748499
aquaculture_415_0_msrgb.jpg,aquaculture,aquaculture,1,0.98044235
aquaculture_472_0_msrgb.jpg,aquaculture,airport_terminal,0,0.44763517
aquaculture_473_3_msrgb.jpg,aquaculture,aquaculture,1,0.9878649
aquaculture_57_0_msrgb.jpg,aquaculture,aquaculture,1,0.90777826
aquaculture_65_0_msrgb.jpg,aquaculture,crop_field,0,0.119033486
aquaculture_92_5_msrgb.jpg,aquaculture,aquaculture,1,0.9974573
archaeological_site_167_0_msrgb.jpg,archaeological_site,archaeological_site,1,0.9942905
archaeological_site_197_0_msrgb.jpg,archaeological_site,archaeological_site,1,0.5599996
archaeological_site_204_4_msrgb.jpg,archaeological_site,tunnel_opening,0,0.88428295
archaeological_site_217_8_msrgb.jpg,archaeological_site,archaeological_site,1,0.8864748
archaeological_site_247_2_msrgb.jpg,archaeological_site,archaeological_site,1,0.6428176
archaeological_site_24_2_msrgb.jpg,archaeological_site,archaeological_site,1,0.45452693
archaeological_site_308_3_msrgb.jpg,archaeological_site,tunnel_opening,0,0.42105955
archaeological_site_369_9_msrgb.jpg,archaeological_site,archaeological_site,1,0.9120234
archaeological_site_421_7_msrgb.jpg,archaeological_site,archaeological_site,1,0.9605633
archaeological_site_423_12_msrgb.jpg,archaeological_site,archaeological_site,1,0.25177172
archaeological_site_478_5_msrgb.jpg,archaeological_site,archaeological_site,1,0.59203666
archaeological_site_51_4_msrgb.jpg,archaeological_site,archaeological_site,1,0.84079325
archaeological_site_63_6_msrgb.jpg,archaeological_site,archaeological_site,1,0.55558515
archaeological_site_80_2_msrgb.jpg,archaeological_site,archaeological_site,1,0.81396544
archaeological_site_817_0_msrgb.jpg,archaeological_site,archaeological_site,1,0.5167214
barn_1196_0_msrgb.jpg,barn,barn,1,0.22255702
barn_1238_0_msrgb.jpg,barn,airport_terminal,0,0.07560079
barn_1474_2_msrgb.jpg,barn,wind_farm,0,0.28988305
barn_154_5_msrgb.jpg,barn,barn,1,0.33477074
barn_1948_3_msrgb.jpg,barn,car_dealership,0,0.20647243
barn_215_7_msrgb.jpg,barn,barn,1,0.22597651
barn_21_2_msrgb.jpg,barn,barn,1,0.3178095
barn_2394_0_msrgb.jpg,barn,tower,0,0.25449377
barn_243_3_msrgb.jpg,barn,barn,1,0.47833925
barn_300_2_msrgb.jpg,barn,barn,1,0.33665034
barn_556_6_msrgb.jpg,barn,barn,1,0.2767184
barn_629_5_msrgb.jpg,barn,barn,1,0.3075094
barn_713_1_msrgb.jpg,barn,barn,1,0.64071745
barn_795_0_msrgb.jpg,barn,oil_or_gas_facility,0,0.25333497
barn_876_2_msrgb.jpg,barn,barn,1,0.31058073
border_checkpoint_12_6_msrgb.jpg,border_checkpoint,border_checkpoint,1,0.23061344
border_checkpoint_141_7_msrgb.jpg,border_checkpoint,toll_booth,0,0.7034334
border_checkpoint_153_4_msrgb.jpg,border_checkpoint,airport_terminal,0,0.33308926
border_checkpoint_156_0_msrgb.jpg,border_checkpoint,prison,0,0.17948481
border_checkpoint_168_6_msrgb.jpg,border_checkpoint,border_checkpoint,1,0.3180632
border_checkpoint_200_5_msrgb.jpg,border_checkpoint,border_checkpoint,1,0.28060797
border_checkpoint_211_3_msrgb.jpg,border_checkpoint,border_checkpoint,1,0.7872728
border_checkpoint_216_1_msrgb.jpg,border_checkpoint,oil_or_gas_facility,0,0.120654255
border_checkpoint_22_9_msrgb.jpg,border_checkpoint,railway_bridge,0,0.32525173
border_checkpoint_24_3_msrgb.jpg,border_checkpoint,border_checkpoint,1,0.78428036
border_checkpoint_264_2_msrgb.jpg,border_checkpoint,border_checkpoint,1,0.3960127
border_checkpoint_363_0_msrgb.jpg,border_checkpoint,border_checkpoint,1,0.9680931
border_checkpoint_41_0_msrgb.jpg,border_checkpoint,border_checkpoint,1,0.9687506
border_checkpoint_81_0_msrgb.jpg,border_checkpoint,toll_booth,0,0.75868946
border_checkpoint_87_5_msrgb.jpg,border_checkpoint,border_checkpoint,1,0.47667924
burial_site_1055_5_msrgb.jpg,burial_site,burial_site,1,0.35282028
burial_site_146_0_msrgb.jpg,burial_site,waste_disposal,0,0.12695739
burial_site_251_5_msrgb.jpg,burial_site,ground_transportation_station,0,0.16277009
burial_site_263_4_msrgb.jpg,burial_site,electric_substation,0,0.6042586
burial_site_304_0_msrgb.jpg,burial_site,burial_site,1,0.23230246
burial_site_318_7_msrgb.jpg,burial_site,railway_bridge,0,0.33858153
burial_site_320_3_msrgb.jpg,burial_site,tunnel_opening,0,0.14092562
burial_site_377_1_msrgb.jpg,burial_site,burial_site,1,0.38449124
burial_site_657_7_msrgb.jpg,burial_site,crop_field,0,0.2792758
burial_site_661_0_msrgb.jpg,burial_site,police_station,0,0.275291
burial_site_722_5_msrgb.jpg,burial_site,place_of_worship,0,0.13089542
burial_site_729_0_msrgb.jpg,burial_site,police_station,0,0.24057515
burial_site_791_0_msrgb.jpg,burial_site,toll_booth,0,0.08478447
burial_site_846_3_msrgb.jpg,burial_site,water_treatment_facility,0,0.36436713
burial_site_988_2_msrgb.jpg,burial_site,barn,0,0.15269476
car_dealership_101_0_msrgb.jpg,car_dealership,car_dealership,1,0.6926489
car_dealership_1187_0_msrgb.jpg,car_dealership,car_dealership,1,0.51822305
car_dealership_1214_0_msrgb.jpg,car_dealership,car_dealership,1,0.89375734
car_dealership_154_0_msrgb.jpg,car_dealership,car_dealership,1,0.9875773
car_dealership_285_9_msrgb.jpg,car_dealership,car_dealership,1,0.7331929
car_dealership_351_0_msrgb.jpg,car_dealership,car_dealership,1,0.97749
car_dealership_369_8_msrgb.jpg,car_dealership,car_dealership,1,0.9719455
car_dealership_371_4_msrgb.jpg,car_dealership,car_dealership,1,0.24872592
car_dealership_469_2_msrgb.jpg,car_dealership,car_dealership,1,0.2112751
car_dealership_502_0_msrgb.jpg,car_dealership,car_dealership,1,0.9971909
car_dealership_516_9_msrgb.jpg,car_dealership,car_dealership,1,0.6957065
car_dealership_674_5_msrgb.jpg,car_dealership,multi-unit_residential,0,0.05649858
car_dealership_76_4_msrgb.jpg,car_dealership,ground_transportation_station,0,0.1012295
car_dealership_791_6_msrgb.jpg,car_dealership,car_dealership,1,0.9678513
car_dealership_995_0_msrgb.jpg,car_dealership,car_dealership,1,0.8409681
construction_site_114_3_msrgb.jpg,construction_site,construction_site,1,0.27609003
construction_site_156_0_msrgb.jpg,construction_site,surface_mine,0,0.13812096
construction_site_168_9_msrgb.jpg,construction_site,fire_station,0,0.15354413
construction_site_213_3_msrgb.jpg,construction_site,road_bridge,0,0.074409395
construction_site_235_7_msrgb.jpg,construction_site,flooded_road,0,0.194087
construction_site_237_2_msrgb.jpg,construction_site,construction_site,1,0.121561594
construction_site_31_6_msrgb.jpg,construction_site,construction_site,1,0.9622393
construction_site_322_3_msrgb.jpg,construction_site,construction_site,1,0.16868296
construction_site_330_8_msrgb.jpg,construction_site,railway_bridge,0,0.3981762
construction_site_355_5_msrgb.jpg,construction_site,storage_tank,0,0.094515406
construction_site_426_9_msrgb.jpg,construction_site,construction_site,1,0.32175454
construction_site_435_1_msrgb.jpg,construction_site,airport_terminal,0,0.23236771
construction_site_485_1_msrgb.jpg,construction_site,ground_transportation_station,0,0.06147474
construction_site_74_4_msrgb.jpg,construction_site,amusement_park,0,0.3415322
construction_site_9_5_msrgb.jpg,construction_site,fountain,0,0.08365332
crop_field_1258_0_msrgb.jpg,crop_field,airport_terminal,0,0.14237101
crop_field_1312_1_msrgb.jpg,crop_field,crop_field,1,0.80745596
crop_field_1572_3_msrgb.jpg,crop_field,crop_field,1,0.6294911
crop_field_19_2_msrgb.jpg,crop_field,crop_field,1,0.4913165
crop_field_2535_3_msrgb.jpg,crop_field,crop_field,1,0.5256138
crop_field_2608_4_msrgb.jpg,crop_field,crop_field,1,0.45302603
crop_field_354_3_msrgb.jpg,crop_field,fountain,0,0.05719251
crop_field_3806_0_msrgb.jpg,crop_field,crop_field,1,0.86152107
crop_field_3863_0_msrgb.jpg,crop_field,crop_field,1,0.71406347
crop_field_4253_1_msrgb.jpg,crop_field,crop_field,1,0.5462382
crop_field_431_0_msrgb.jpg,crop_field,electric_substation,0,0.33696684
crop_field_5257_0_msrgb.jpg,crop_field,water_treatment_facility,0,0.17788605
crop_field_6400_0_msrgb.jpg,crop_field,wind_farm,0,0.15361533
crop_field_6846_3_msrgb.jpg,crop_field,archaeological_site,0,0.43449447
crop_field_918_1_msrgb.jpg,crop_field,crop_field,1,0.7707306
dam_100_2_msrgb.jpg,dam,tunnel_opening,0,0.19591656
dam_1084_0_msrgb.jpg,dam,dam,1,0.3140997
dam_123_8_msrgb.jpg,dam,dam,1,0.43518916
dam_131_3_msrgb.jpg,dam,tunnel_opening,0,0.65358377
dam_166_9_msrgb.jpg,dam,dam,1,0.7841283
dam_199_5_msrgb.jpg,dam,dam,1,0.5995619
dam_247_0_msrgb.jpg,dam,dam,1,0.4966296
dam_289_4_msrgb.jpg,dam,amusement_park,0,0.17591175
dam_383_2_msrgb.jpg,dam,dam,1,0.57432836
dam_389_1_msrgb.jpg,dam,interchange,0,0.17024814
dam_656_1_msrgb.jpg,dam,dam,1,0.42872646
dam_758_1_msrgb.jpg,dam,dam,1,0.5469138
dam_785_0_msrgb.jpg,dam,dam,1,0.28749728
dam_83_6_msrgb.jpg,dam,water_treatment_facility,0,0.3300722
dam_957_0_msrgb.jpg,dam,dam,1,0.29979256
debris_or_rubble_108_7_msrgb.jpg,debris_or_rubble,crop_field,0,0.14031747
debris_or_rubble_115_6_msrgb.jpg,debris_or_rubble,airport_terminal,0,0.43548563
debris_or_rubble_130_3_msrgb.jpg,debris_or_rubble,shopping_mall,0,0.6340424
debris_or_rubble_133_2_msrgb.jpg,debris_or_rubble,tunnel_opening,0,0.16111068
debris_or_rubble_187_1_msrgb.jpg,debris_or_rubble,debris_or_rubble,1,0.10488639
debris_or_rubble_247_0_msrgb.jpg,debris_or_rubble,debris_or_rubble,1,0.22153634
debris_or_rubble_2_19_msrgb.jpg,debris_or_rubble,waste_disposal,0,0.06776871
debris_or_rubble_32_10_msrgb.jpg,debris_or_rubble,debris_or_rubble,1,0.82535243
debris_or_rubble_36_3_msrgb.jpg,debris_or_rubble,oil_or_gas_facility,0,0.19177689
debris_or_rubble_42_0_msrgb.jpg,debris_or_rubble,smokestack,0,0.06949312
debris_or_rubble_50_6_msrgb.jpg,debris_or_rubble,debris_or_rubble,1,0.15807325
debris_or_rubble_63_14_msrgb.jpg,debris_or_rubble,debris_or_rubble,1,0.83534324
debris_or_rubble_6_18_msrgb.jpg,debris_or_rubble,archaeological_site,0,0.37539235
debris_or_rubble_80_14_msrgb.jpg,debris_or_rubble,smokestack,0,0.077033944
debris_or_rubble_90_2_msrgb.jpg,debris_or_rubble,debris_or_rubble,1,0.09057708
educational_institution_102_7_msrgb.jpg,educational_institution,hospital,0,0.2118694
educational_institution_1112_2_msrgb.jpg,educational_institution,smokestack,0,0.08090399
educational_institution_1522_7_msrgb.jpg,educational_institution,prison,0,0.2801286
educational_institution_1721_1_msrgb.jpg,educational_institution,amusement_park,0,0.16167
educational_institution_1804_1_msrgb.jpg,educational_institution,ground_transportation_station,0,0.3205276
educational_institution_1814_0_msrgb.jpg,educational_institution,smokestack,0,0.064694986
educational_institution_1908_1_msrgb.jpg,educational_institution,educational_institution,1,0.43342236
educational_institution_1909_3_msrgb.jpg,educational_institution,ground_transportation_station,0,0.18286192
educational_institution_224_2_msrgb.jpg,educational_institution,car_dealership,0,0.39591476
educational_institution_247_2_msrgb.jpg,educational_institution,educational_institution,1,0.06804433
educational_institution_394_5_msrgb.jpg,educational_institution,hospital,0,0.09988282
educational_institution_507_11_msrgb.jpg,educational_institution,oil_or_gas_facility,0,0.11817881
educational_institution_551_1_msrgb.jpg,educational_institution,prison,0,0.25969672
educational_institution_624_7_msrgb.jpg,educational_institution,gas_station,0,0.14294702
educational_institution_739_15_msrgb.jpg,educational_institution,educational_institution,1,0.22738849
electric_substation_1016_3_msrgb.jpg,electric_substation,car_dealership,0,0.14293502
electric_substation_1043_1_msrgb.jpg,electric_substation,electric_substation,1,0.9882399
electric_substation_10_5_msrgb.jpg,electric_substation,electric_substation,1,0.9871358
electric_substation_144_0_msrgb.jpg,electric_substation,electric_substation,1,0.9613611
electric_substation_19_2_msrgb.jpg,electric_substation,electric_substation,1,0.9776422
electric_substation_218_2_msrgb.jpg,electric_substation,airport_terminal,0,0.40156758
electric_substation_261_0_msrgb.jpg,electric_substation,multi-unit_residential,0,0.098349996
electric_substation_355_6_msrgb.jpg,electric_substation,electric_substation,1,0.39803627
electric_substation_405_2_msrgb.jpg,electric_substation,toll_booth,0,0.08106211
electric_substation_557_5_msrgb.jpg,electric_substation,electric_substation,1,0.68684244
electric_substation_596_3_msrgb.jpg,electric_substation,archaeological_site,0,0.13993168
electric_substation_609_3_msrgb.jpg,electric_substation,airport_hangar,0,0.49218053
electric_substation_874_3_msrgb.jpg,electric_substation,toll_booth,0,0.24986418
electric_substation_883_1_msrgb.jpg,electric_substation,electric_substation,1,0.717181
electric_substation_974_2_msrgb.jpg,electric_substation,toll_booth,0,0.26725543
factory_or_powerplant_126_0_msrgb.jpg,factory_or_powerplant,ground_transportation_station,0,0.090496965
factory_or_powerplant_155_7_msrgb.jpg,factory_or_powerplant,factory_or_powerplant,1,0.28760302
factory_or_powerplant_194_2_msrgb.jpg,factory_or_powerplant,waste_disposal,0,0.076734416
factory_or_powerplant_252_1_msrgb.jpg,factory_or_powerplant,factory_or_powerplant,1,0.6648386
factory_or_powerplant_252_3_msrgb.jpg,factory_or_powerplant,factory_or_powerplant,1,0.5567975
factory_or_powerplant_260_5_msrgb.jpg,factory_or_powerplant,factory_or_powerplant,1,0.16714777
factory_or_powerplant_315_2_msrgb.jpg,factory_or_powerplant,tunnel_opening,0,0.28465107
factory_or_powerplant_442_4_msrgb.jpg,factory_or_powerplant,airport_terminal,0,0.2139428
factory_or_powerplant_560_1_msrgb.jpg,factory_or_powerplant,police_station,0,0.4393446
factory_or_powerplant_563_0_msrgb.jpg,factory_or_powerplant,dam,0,0.26173723
factory_or_powerplant_572_2_msrgb.jpg,factory_or_powerplant,storage_tank,0,0.46933603
factory_or_powerplant_613_8_msrgb.jpg,factory_or_powerplant,water_treatment_facility,0,0.4994627
factory_or_powerplant_702_3_msrgb.jpg,factory_or_powerplant,barn,0,0.09828882
factory_or_powerplant_90_6_msrgb.jpg,factory_or_powerplant,ground_transportation_station,0,0.22537592
factory_or_powerplant_97_9_msrgb.jpg,factory_or_powerplant,factory_or_powerplant,1,0.13839316
fire_station_1216_0_msrgb.jpg,fire_station,single-unit_residential,0,0.19479646
fire_station_157_2_msrgb.jpg,fire_station,fire_station,1,0.21070124
fire_station_240_0_msrgb.jpg,fire_station,ground_transportation_station,0,0.16516703
fire_station_294_3_msrgb.jpg,fire_station,swimming_pool,0,0.11445322
fire_station_342_7_msrgb.jpg,fire_station,interchange,0,0.09263104
fire_station_357_0_msrgb.jpg,fire_station,shopping_mall,0,0.15033652
fire_station_401_0_msrgb.jpg,fire_station,car_dealership,0,0.39438507
fire_station_447_2_msrgb.jpg,fire_station,zoo,0,0.06433949
fire_station_518_7_msrgb.jpg,fire_station,shopping_mall,0,0.28216368
fire_station_603_3_msrgb.jpg,fire_station,airport_terminal,0,0.1746025
fire_station_655_5_msrgb.jpg,fire_station,water_treatment_facility,0,0.08540103
fire_station_660_0_msrgb.jpg,fire_station,archaeological_site,0,0.30086794
fire_station_694_0_msrgb.jpg,fire_station,fire_station,1,0.05961094
fire_station_711_2_msrgb.jpg,fire_station,car_dealership,0,0.20070331
fire_station_739_2_msrgb.jpg,fire_station,ground_transportation_station,0,0.3976117
flooded_road_10_9_msrgb.jpg,flooded_road,flooded_road,1,0.50261474
flooded_road_16_3_msrgb.jpg,flooded_road,flooded_road,1,0.087578826
flooded_road_181_7_msrgb.jpg,flooded_road,golf_course,0,0.095164806
flooded_road_196_7_msrgb.jpg,flooded_road,flooded_road,1,0.8624445
flooded_road_210_5_msrgb.jpg,flooded_road,archaeological_site,0,0.38913897
flooded_road_228_6_msrgb.jpg,flooded_road,impoverished_settlement,0,0.18665272
flooded_road_260_1_msrgb.jpg,flooded_road,flooded_road,1,0.1474683
flooded_road_305_6_msrgb.jpg,flooded_road,lighthouse,0,0.12198631
flooded_road_306_8_msrgb.jpg,flooded_road,smokestack,0,0.061411373
flooded_road_361_3_msrgb.jpg,flooded_road,electric_substation,0,0.48882407
flooded_road_480_8_msrgb.jpg,flooded_road,flooded_road,1,0.71780473
flooded_road_53_1_msrgb.jpg,flooded_road,railway_bridge,0,0.15183276
flooded_road_67_3_msrgb.jpg,flooded_road,lighthouse,0,0.19612354
flooded_road_83_6_msrgb.jpg,flooded_road,flooded_road,1,0.8688238
flooded_road_84_3_msrgb.jpg,flooded_road,flooded_road,1,0.6644
fountain_118_1_msrgb.jpg,fountain,fountain,1,0.09184796
fountain_148_1_msrgb.jpg,fountain,fire_station,0,0.28586423
fountain_174_1_msrgb.jpg,fountain,helipad,0,0.16570614
fountain_197_0_msrgb.jpg,fountain,road_bridge,0,0.13714108
fountain_225_0_msrgb.jpg,fountain,storage_tank,0,0.6899035
fountain_26_2_msrgb.jpg,fountain,fountain,1,0.21485394
fountain_305_2_msrgb.jpg,fountain,fountain,1,0.13778985
fountain_489_3_msrgb.jpg,fountain,place_of_worship,0,0.16423893
fountain_48_14_msrgb.jpg,fountain,smokestack,0,0.06671929
fountain_497_2_msrgb.jpg,fountain,ground_transportation_station,0,0.13482791
fountain_499_0_msrgb.jpg,fountain,smokestack,0,0.12041431
fountain_507_1_msrgb.jpg,fountain,police_station,0,0.2203143
fountain_522_3_msrgb.jpg,fountain,police_station,0,0.5573822
fountain_56_14_msrgb.jpg,fountain,swimming_pool,0,0.30873096
fountain_58_2_msrgb.jpg,fountain,crop_field,0,0.14422925
gas_station_212_10_msrgb.jpg,gas_station,multi-unit_residential,0,0.0781262
gas_station_221_0_msrgb.jpg,gas_station,place_of_worship,0,0.13549234
gas_station_244_0_msrgb.jpg,gas_station,burial_site,0,0.07058688
gas_station_267_7_msrgb.jpg,gas_station,shopping_mall,0,0.27868736
gas_station_362_13_msrgb.jpg,gas_station,ground_transportation_station,0,0.29775858
gas_station_362_2_msrgb.jpg,gas_station,shopping_mall,0,0.12411701
gas_station_367_8_msrgb.jpg,gas_station,place_of_worship,0,0.3095469
gas_station_373_6_msrgb.jpg,gas_station,ground_transportation_station,0,0.3810113
gas_station_403_7_msrgb.jpg,gas_station,toll_booth,0,0.70635116
gas_station_690_5_msrgb.jpg,gas_station,interchange,0,0.12680852
gas_station_746_1_msrgb.jpg,gas_station,interchange,0,0.07868054
gas_station_75_5_msrgb.jpg,gas_station,ground_transportation_station,0,0.20068817
gas_station_92_6_msrgb.jpg,gas_station,car_dealership,0,0.4422031
gas_station_934_0_msrgb.jpg,gas_station,gas_station,1,0.10778947
gas_station_954_1_msrgb.jpg,gas_station,gas_station,1,0.09765458
golf_course_12_11_msrgb.jpg,golf_course,golf_course,1,0.67292184
golf_course_167_1_msrgb.jpg,golf_course,golf_course,1,0.99223924
golf_course_169_5_msrgb.jpg,golf_course,golf_course,1,0.23483622
golf_course_178_10_msrgb.jpg,golf_course,aquaculture,0,0.43309247
golf_course_179_8_msrgb.jpg,golf_course,golf_course,1,0.58845264
golf_course_221_2_msrgb.jpg,golf_course,water_treatment_facility,0,0.37178162
golf_course_238_12_msrgb.jpg,golf_course,golf_course,1,0.9355838
golf_course_245_16_msrgb.jpg,golf_course,golf_course,1,0.912502
golf_course_289_0_msrgb.jpg,golf_course,golf_course,1,0.40521234
golf_course_309_3_msrgb.jpg,golf_course,golf_course,1,0.41155294
golf_course_378_12_msrgb.jpg,golf_course,police_station,0,0.36756125
golf_course_461_1_msrgb.jpg,golf_course,golf_course,1,0.7410949
golf_course_580_4_msrgb.jpg,golf_course,golf_course,1,0.53363377
golf_course_595_3_msrgb.jpg,golf_course,golf_course,1,0.5293544
golf_course_84_5_msrgb.jpg,golf_course,golf_course,1,0.967009
ground_transportation_station_1025_7_msrgb.jpg,ground_transportation_station,ground_transportation_station,1,0.13869245
ground_transportation_station_1150_5_msrgb.jpg,ground_transportation_station,toll_booth,0,0.16462827
ground_transportation_station_1231_0_msrgb.jpg,ground_transportation_station,railway_bridge,0,0.10551179
ground_transportation_station_1241_9_msrgb.jpg,ground_transportation_station,ground_transportation_station,1,0.2159671
ground_transportation_station_165_10_msrgb.jpg,ground_transportation_station,ground_transportation_station,1,0.27074125
ground_transportation_station_169_9_msrgb.jpg,ground_transportation_station,shopping_mall,0,0.6214588
ground_transportation_station_1781_0_msrgb.jpg,ground_transportation_station,ground_transportation_station,1,0.19665816
ground_transportation_station_189_0_msrgb.jpg,ground_transportation_station,ground_transportation_station,1,0.356601
ground_transportation_station_19_8_msrgb.jpg,ground_transportation_station,ground_transportation_station,1,0.17442751
ground_transportation_station_273_3_msrgb.jpg,ground_transportation_station,swimming_pool,0,0.07751315
ground_transportation_station_274_2_msrgb.jpg,ground_transportation_station,ground_transportation_station,1,0.30448356
ground_transportation_station_422_1_msrgb.jpg,ground_transportation_station,ground_transportation_station,1,0.4814002
ground_transportation_station_47_1_msrgb.jpg,ground_transportation_station,ground_transportation_station,1,0.4492704
ground_transportation_station_652_10_msrgb.jpg,ground_transportation_station,ground_transportation_station,1,0.60964924
ground_transportation_station_72_2_msrgb.jpg,ground_transportation_station,ground_transportation_station,1,0.42618978
helipad_113_3_msrgb.jpg,helipad,lighthouse,0,0.268673
helipad_183_6_msrgb.jpg,helipad,solar_farm,0,0.3906269
helipad_184_3_msrgb.jpg,helipad,helipad,1,0.23279238
helipad_196_6_msrgb.jpg,helipad,zoo,0,0.2565832
helipad_198_5_msrgb.jpg,helipad,helipad,1,0.09517514
helipad_226_4_msrgb.jpg,helipad,electric_substation,0,0.48800376
helipad_308_4_msrgb.jpg,helipad,police_station,0,0.16650555
helipad_34_3_msrgb.jpg,helipad,dam,0,0.09381095
helipad_387_1_msrgb.jpg,helipad,helipad,1,0.30037484
helipad_462_2_msrgb.jpg,helipad,parking_lot_or_garage,0,0.10163618
helipad_465_1_msrgb.jpg,helipad,helipad,1,0.45957914
helipad_511_5_msrgb.jpg,helipad,airport_terminal,0,0.2372265
helipad_671_2_msrgb.jpg,helipad,helipad,1,0.11245354
helipad_830_5_msrgb.jpg,helipad,helipad,1,0.3521233
helipad_848_2_msrgb.jpg,helipad,helipad,1,0.32538188
hospital_101_2_msrgb.jpg,hospital,amusement_park,0,0.34393838
hospital_118_7_msrgb.jpg,hospital,single-unit_residential,0,0.24876681
hospital_14_0_msrgb.jpg,hospital,hospital,1,0.14366227
hospital_181_4_msrgb.jpg,hospital,ground_transportation_station,0,0.3684397
hospital_186_5_msrgb.jpg,hospital,hospital,1,0.30081585
hospital_262_1_msrgb.jpg,hospital,place_of_worship,0,0.17398614
hospital_28_1_msrgb.jpg,hospital,hospital,1,0.21006984
hospital_407_4_msrgb.jpg,hospital,prison,0,0.07505963
hospital_51_1_msrgb.jpg,hospital,swimming_pool,0,0.12445167
hospital_626_1_msrgb.jpg,hospital,zoo,0,0.08014302
hospital_655_10_msrgb.jpg,hospital,swimming_pool,0,0.193083
hospital_670_3_msrgb.jpg,hospital,ground_transportation_station,0,0.37177107
hospital_735_2_msrgb.jpg,hospital,gas_station,0,0.09579756
hospital_747_1_msrgb.jpg,hospital,park,0,0.17082241
hospital_793_0_msrgb.jpg,hospital,prison,0,0.18181024
impoverished_settlement_110_0_msrgb.jpg,impoverished_settlement,impoverished_settlement,1,0.997018
impoverished_settlement_114_5_msrgb.jpg,impoverished_settlement,impoverished_settlement,1,0.59454495
impoverished_settlement_123_2_msrgb.jpg,impoverished_settlement,impoverished_settlement,1,0.9998636
impoverished_settlement_124_2_msrgb.jpg,impoverished_settlement,impoverished_settlement,1,0.9987984
impoverished_settlement_138_4_msrgb.jpg,impoverished_settlement,impoverished_settlement,1,0.9579211
impoverished_settlement_141_6_msrgb.jpg,impoverished_settlement,impoverished_settlement,1,0.9981494
impoverished_settlement_153_5_msrgb.jpg,impoverished_settlement,impoverished_settlement,1,0.9930696
impoverished_settlement_162_8_msrgb.jpg,impoverished_settlement,impoverished_settlement,1,0.98722494
impoverished_settlement_166_2_msrgb.jpg,impoverished_settlement,impoverished_settlement,1,0.99914515
impoverished_settlement_21_0_msrgb.jpg,impoverished_settlement,impoverished_settlement,1,0.9991333
impoverished_settlement_23_2_msrgb.jpg,impoverished_settlement,impoverished_settlement,1,0.9968929
impoverished_settlement_69_6_msrgb.jpg,impoverished_settlement,impoverished_settlement,1,0.97220975
impoverished_settlement_75_4_msrgb.jpg,impoverished_settlement,impoverished_settlement,1,0.96831024
impoverished_settlement_96_2_msrgb.jpg,impoverished_settlement,impoverished_settlement,1,0.99978346
impoverished_settlement_98_6_msrgb.jpg,impoverished_settlement,impoverished_settlement,1,0.9978867
interchange_103_1_msrgb.jpg,interchange,interchange,1,0.96259785
interchange_110_9_msrgb.jpg,interchange,interchange,1,0.99227834
interchange_142_9_msrgb.jpg,interchange,interchange,1,0.99425524
interchange_154_10_msrgb.jpg,interchange,interchange,1,0.9995316
interchange_15_14_msrgb.jpg,interchange,interchange,1,0.886571
interchange_178_3_msrgb.jpg,interchange,interchange,1,0.99887985
interchange_186_4_msrgb.jpg,interchange,interchange,1,0.84367317
interchange_211_7_msrgb.jpg,interchange,interchange,1,0.9999007
interchange_257_14_msrgb.jpg,interchange,interchange,1,0.3412946
interchange_258_6_msrgb.jpg,interchange,interchange,1,0.98378366
interchange_346_0_msrgb.jpg,interchange,interchange,1,0.20068584
interchange_416_1_msrgb.jpg,interchange,interchange,1,0.9947301
interchange_425_1_msrgb.jpg,interchange,interchange,1,0.9995036
interchange_443_0_msrgb.jpg,interchange,interchange,1,0.9991085
interchange_479_18_msrgb.jpg,interchange,interchange,1,0.56644994
lake_or_pond_128_6_msrgb.jpg,lake_or_pond,lake_or_pond,1,0.60714275
lake_or_pond_131_0_msrgb.jpg,lake_or_pond,tunnel_opening,0,0.5170114
lake_or_pond_132_0_msrgb.jpg,lake_or_pond,lake_or_pond,1,0.981629
lake_or_pond_15_1_msrgb.jpg,lake_or_pond,lake_or_pond,1,0.42851797
lake_or_pond_17_6_msrgb.jpg,lake_or_pond,lake_or_pond,1,0.95955396
lake_or_pond_18_6_msrgb.jpg,lake_or_pond,aquaculture,0,0.1558047
lake_or_pond_220_0_msrgb.jpg,lake_or_pond,lake_or_pond,1,0.99599946
lake_or_pond_235_1_msrgb.jpg,lake_or_pond,lighthouse,0,0.6680052
lake_or_pond_4_3_msrgb.jpg,lake_or_pond,tunnel_opening,0,0.3208942
lake_or_pond_58_2_msrgb.jpg,lake_or_pond,golf_course,0,0.47302407
lake_or_pond_74_1_msrgb.jpg,lake_or_pond,debris_or_rubble,0,0.16986142
lake_or_pond_7_1_msrgb.jpg,lake_or_pond,aquaculture,0,0.23205246
lake_or_pond_84_0_msrgb.jpg,lake_or_pond,lake_or_pond,1,0.5958025
lake_or_pond_84_4_msrgb.jpg,lake_or_pond,lake_or_pond,1,0.9173303
lake_or_pond_92_6_msrgb.jpg,lake_or_pond,lake_or_pond,1,0.52250415
lighthouse_0_6_msrgb.jpg,lighthouse,car_dealership,0,0.50322783
lighthouse_1020_0_msrgb.jpg,lighthouse,lighthouse,1,0.3864196
lighthouse_139_9_msrgb.jpg,lighthouse,swimming_pool,0,0.59446186
lighthouse_219_5_msrgb.jpg,lighthouse,lighthouse,1,0.8404932
lighthouse_257_2_msrgb.jpg,lighthouse,lighthouse,1,0.100150086
lighthouse_257_5_msrgb.jpg,lighthouse,archaeological_site,0,0.4623143
lighthouse_273_3_msrgb.jpg,lighthouse,lighthouse,1,0.35658863
lighthouse_422_1_msrgb.jpg,lighthouse,lighthouse,1,0.8871798
lighthouse_423_0_msrgb.jpg,lighthouse,lighthouse,1,0.9939107
lighthouse_69_0_msrgb.jpg,lighthouse,lighthouse,1,0.48350307
lighthouse_75_4_msrgb.jpg,lighthouse,lighthouse,1,0.8602982
lighthouse_796_4_msrgb.jpg,lighthouse,lighthouse,1,0.99132216
lighthouse_830_4_msrgb.jpg,lighthouse,lighthouse,1,0.94584495
lighthouse_898_2_msrgb.jpg,lighthouse,lighthouse,1,0.9607939
lighthouse_97_1_msrgb.jpg,lighthouse,car_dealership,0,0.14290297
military_facility_1365_1_msrgb.jpg,military_facility,archaeological_site,0,0.25352022
military_facility_1403_7_msrgb.jpg,military_facility,toll_booth,0,0.117993936
military_facility_1510_1_msrgb.jpg,military_facility,military_facility,1,0.22939765
military_facility_1720_2_msrgb.jpg,military_facility,waste_disposal,0,0.06914477
military_facility_1731_4_msrgb.jpg,military_facility,port,0,0.3782375
military_facility_1782_7_msrgb.jpg,military_facility,single-unit_residential,0,0.4918052
military_facility_2003_5_msrgb.jpg,military_facility,toll_booth,0,0.15182187
military_facility_237_3_msrgb.jpg,military_facility,interchange,0,0.3194162
military_facility_319_8_msrgb.jpg,military_facility,parking_lot_or_garage,0,0.081104554
military_facility_435_4_msrgb.jpg,military_facility,single-unit_residential,0,0.091783464
military_facility_501_3_msrgb.jpg,military_facility,impoverished_settlement,0,0.25479224
military_facility_511_3_msrgb.jpg,military_facility,swimming_pool,0,0.39748156
military_facility_564_11_msrgb.jpg,military_facility,military_facility,1,0.83221143
military_facility_693_9_msrgb.jpg,military_facility,surface_mine,0,0.21575871
military_facility_75_7_msrgb.jpg,military_facility,single-unit_residential,0,0.15294252
multi-unit_residential_1114_0_msrgb.jpg,multi-unit_residential,multi-unit_residential,1,0.17421947
multi-unit_residential_1128_2_msrgb.jpg,multi-unit_residential,helipad,0,0.25936496
multi-unit_residential_143_5_msrgb.jpg,multi-unit_residential,multi-unit_residential,1,0.08008713
multi-unit_residential_163_0_msrgb.jpg,multi-unit_residential,multi-unit_residential,1,0.06818115
multi-unit_residential_189_7_msrgb.jpg,multi-unit_residential,multi-unit_residential,1,0.2076801
multi-unit_residential_191_6_msrgb.jpg,multi-unit_residential,park,0,0.101597056
multi-unit_residential_324_4_msrgb.jpg,multi-unit_residential,swimming_pool,0,0.35424432
multi-unit_residential_391_9_msrgb.jpg,multi-unit_residential,smokestack,0,0.070080526
multi-unit_residential_40_0_msrgb.jpg,multi-unit_residential,smokestack,0,0.10825741
multi-unit_residential_42_1_msrgb.jpg,multi-unit_residential,multi-unit_residential,1,0.1419439
multi-unit_residential_442_4_msrgb.jpg,multi-unit_residential,interchange,0,0.15612009
multi-unit_residential_536_4_msrgb.jpg,multi-unit_residential,railway_bridge,0,0.11972553
multi-unit_residential_637_16_msrgb.jpg,multi-unit_residential,swimming_pool,0,0.45354682
multi-unit_residential_766_8_msrgb.jpg,multi-unit_residential,multi-unit_residential,1,0.28597328
multi-unit_residential_772_5_msrgb.jpg,multi-unit_residential,golf_course,0,0.24283351
nuclear_powerplant_11_1_msrgb.jpg,nuclear_powerplant,runway,0,0.39784116
nuclear_powerplant_16_4_msrgb.jpg,nuclear_powerplant,nuclear_powerplant,1,0.29193604
nuclear_powerplant_16_7_msrgb.jpg,nuclear_powerplant,airport,0,0.30939546
nuclear_powerplant_17_0_msrgb.jpg,nuclear_powerplant,nuclear_powerplant,1,0.96431434
nuclear_powerplant_31_4_msrgb.jpg,nuclear_powerplant,nuclear_powerplant,1,0.982407
nuclear_powerplant_36_2_msrgb.jpg,nuclear_powerplant,nuclear_powerplant,1,0.59108806
nuclear_powerplant_3_0_msrgb.jpg,nuclear_powerplant,airport,0,0.33794597
nuclear_powerplant_41_0_msrgb.jpg,nuclear_powerplant,nuclear_powerplant,1,0.5354237
nuclear_powerplant_53_1_msrgb.jpg,nuclear_powerplant,nuclear_powerplant,1,0.17030397
nuclear_powerplant_55_3_msrgb.jpg,nuclear_powerplant,nuclear_powerplant,1,0.96181023
nuclear_powerplant_56_0_msrgb.jpg,nuclear_powerplant,nuclear_powerplant,1,0.8415091
nuclear_powerplant_58_0_msrgb.jpg,nuclear_powerplant,nuclear_powerplant,1,0.91142017
nuclear_powerplant_62_1_msrgb.jpg,nuclear_powerplant,nuclear_powerplant,1,0.72054666
nuclear_powerplant_7_1_msrgb.jpg,nuclear_powerplant,lighthouse,0,0.6269074
nuclear_powerplant_8_2_msrgb.jpg,nuclear_powerplant,nuclear_powerplant,1,0.60052216
office_building_132_7_msrgb.jpg,office_building,shopping_mall,0,0.4235105
office_building_269_2_msrgb.jpg,office_building,toll_booth,0,0.13928677
office_building_358_1_msrgb.jpg,office_building,helipad,0,0.10613669
office_building_379_4_msrgb.jpg,office_building,impoverished_settlement,0,0.18532924
office_building_413_6_msrgb.jpg,office_building,shopping_mall,0,0.41646624
office_building_433_0_msrgb.jpg,office_building,archaeological_site,0,0.079892494
office_building_448_2_msrgb.jpg,office_building,office_building,1,0.22243153
office_building_547_1_msrgb.jpg,office_building,shopping_mall,0,0.13292281
office_building_578_1_msrgb.jpg,office_building,road_bridge,0,0.14703637
office_building_656_4_msrgb.jpg,office_building,single-unit_residential,0,0.19732144
office_building_734_5_msrgb.jpg,office_building,water_treatment_facility,0,0.21022828
office_building_773_4_msrgb.jpg,office_building,police_station,0,0.1067695
office_building_781_6_msrgb.jpg,office_building,construction_site,0,0.53102595
office_building_799_1_msrgb.jpg,office_building,airport_hangar,0,0.2417648
office_building_82_5_msrgb.jpg,office_building,storage_tank,0,0.14864555
oil_or_gas_facility_1164_1_msrgb.jpg,oil_or_gas_facility,oil_or_gas_facility,1,0.45362437
oil_or_gas_facility_1281_5_msrgb.jpg,oil_or_gas_facility,crop_field,0,0.36161828
oil_or_gas_facility_1380_1_msrgb.jpg,oil_or_gas_facility,oil_or_gas_facility,1,0.22640191
oil_or_gas_facility_142_3_msrgb.jpg,oil_or_gas_facility,tunnel_opening,0,0.36342403
oil_or_gas_facility_23_3_msrgb.jpg,oil_or_gas_facility,oil_or_gas_facility,1,0.48673567
oil_or_gas_facility_305_2_msrgb.jpg,oil_or_gas_facility,oil_or_gas_facility,1,0.68890715
oil_or_gas_facility_323_1_msrgb.jpg,oil_or_gas_facility,oil_or_gas_facility,1,0.7757392
oil_or_gas_facility_548_1_msrgb.jpg,oil_or_gas_facility,oil_or_gas_facility,1,0.48772144
oil_or_gas_facility_574_2_msrgb.jpg,oil_or_gas_facility,oil_or_gas_facility,1,0.4174971
oil_or_gas_facility_636_0_msrgb.jpg,oil_or_gas_facility,shopping_mall,0,0.43081316
oil_or_gas_facility_690_2_msrgb.jpg,oil_or_gas_facility,waste_disposal,0,0.06779473
oil_or_gas_facility_774_1_msrgb.jpg,oil_or_gas_facility,oil_or_gas_facility,1,0.34113634
oil_or_gas_facility_785_0_msrgb.jpg,oil_or_gas_facility,crop_field,0,0.42069122
oil_or_gas_facility_944_9_msrgb.jpg,oil_or_gas_facility,electric_substation,0,0.063774176
oil_or_gas_facility_985_2_msrgb.jpg,oil_or_gas_facility,oil_or_gas_facility,1,0.75969905
park_144_6_msrgb.jpg,park,zoo,0,0.10658002
park_145_9_msrgb.jpg,park,park,1,0.30886674
park_149_2_msrgb.jpg,park,car_dealership,0,0.2524977
park_243_9_msrgb.jpg,park,recreational_facility,0,0.51528746
park_285_3_msrgb.jpg,park,park,1,0.3137239
park_417_4_msrgb.jpg,park,road_bridge,0,0.10891562
park_526_0_msrgb.jpg,park,burial_site,0,0.1739666
park_533_2_msrgb.jpg,park,park,1,0.5122308
park_545_1_msrgb.jpg,park,park,1,0.29156983
park_54_4_msrgb.jpg,park,park,1,0.544903
park_606_1_msrgb.jpg,park,place_of_worship,0,0.15828672
park_619_3_msrgb.jpg,park,railway_bridge,0,0.12874377
park_724_2_msrgb.jpg,park,storage_tank,0,0.75067097
park_750_2_msrgb.jpg,park,park,1,0.041451424
park_75_4_msrgb.jpg,park,park,1,0.30313063
parking_lot_or_garage_1222_0_msrgb.jpg,parking_lot_or_garage,parking_lot_or_garage,1,0.10823271
parking_lot_or_garage_1380_9_msrgb.jpg,parking_lot_or_garage,parking_lot_or_garage,1,0.12682244
parking_lot_or_garage_1427_6_msrgb.jpg,parking_lot_or_garage,waste_disposal,0,0.0945841
parking_lot_or_garage_1666_0_msrgb.jpg,parking_lot_or_garage,gas_station,0,0.13081095
parking_lot_or_garage_2378_0_msrgb.jpg,parking_lot_or_garage,place_of_worship,0,0.22469759
parking_lot_or_garage_2393_2_msrgb.jpg,parking_lot_or_garage,swimming_pool,0,0.12971921
parking_lot_or_garage_239_2_msrgb.jpg,parking_lot_or_garage,ground_transportation_station,0,0.30159688
parking_lot_or_garage_2423_4_msrgb.jpg,parking_lot_or_garage,fire_station,0,0.1709483
parking_lot_or_garage_2544_12_msrgb.jpg,parking_lot_or_garage,amusement_park,0,0.23290624
parking_lot_or_garage_2650_5_msrgb.jpg,parking_lot_or_garage,ground_transportation_station,0,0.20123853
parking_lot_or_garage_2710_1_msrgb.jpg,parking_lot_or_garage,swimming_pool,0,0.25805733
parking_lot_or_garage_2712_1_msrgb.jpg,parking_lot_or_garage,swimming_pool,0,0.34041038
parking_lot_or_garage_457_0_msrgb.jpg,parking_lot_or_garage,parking_lot_or_garage,1,0.07128944
parking_lot_or_garage_572_8_msrgb.jpg,parking_lot_or_garage,shopping_mall,0,0.8294124
parking_lot_or_garage_736_0_msrgb.jpg,parking_lot_or_garage,ground_transportation_station,0,0.12883648
place_of_worship_1048_7_msrgb.jpg,place_of_worship,place_of_worship,1,0.36683413
place_of_worship_1091_3_msrgb.jpg,place_of_worship,gas_station,0,0.1938503
place_of_worship_110_1_msrgb.jpg,place_of_worship,gas_station,0,0.117636554
place_of_worship_1196_7_msrgb.jpg,place_of_worship,place_of_worship,1,0.118674144
place_of_worship_1408_3_msrgb.jpg,place_of_worship,flooded_road,0,0.2056951
place_of_worship_2650_1_msrgb.jpg,place_of_worship,place_of_worship,1,0.6323014
place_of_worship_2883_13_msrgb.jpg,place_of_worship,ground_transportation_station,0,0.17559001
place_of_worship_2897_14_msrgb.jpg,place_of_worship,ground_transportation_station,0,0.2513306
place_of_worship_3186_3_msrgb.jpg,place_of_worship,place_of_worship,1,0.13288082
place_of_worship_3546_2_msrgb.jpg,place_of_worship,place_of_worship,1,0.2426697
place_of_worship_4361_0_msrgb.jpg,place_of_worship,place_of_worship,1,0.4559459
place_of_worship_592_2_msrgb.jpg,place_of_worship,road_bridge,0,0.07385121
place_of_worship_699_3_msrgb.jpg,place_of_worship,port,0,0.26228088
place_of_worship_769_6_msrgb.jpg,place_of_worship,single-unit_residential,0,0.13086078
place_of_worship_777_6_msrgb.jpg,place_of_worship,single-unit_residential,0,0.434943
police_station_0_7_msrgb.jpg,police_station,ground_transportation_station,0,0.18825774
police_station_107_0_msrgb.jpg,police_station,police_station,1,0.234908
police_station_203_2_msrgb.jpg,police_station,ground_transportation_station,0,0.24316551
police_station_234_3_msrgb.jpg,police_station,toll_booth,0,0.30852312
police_station_394_3_msrgb.jpg,police_station,airport_terminal,0,0.31459278
police_station_437_5_msrgb.jpg,police_station,police_station,1,0.3557261
police_station_45_1_msrgb.jpg,police_station,swimming_pool,0,0.20090942
police_station_504_6_msrgb.jpg,police_station,ground_transportation_station,0,0.21160714
police_station_52_6_msrgb.jpg,police_station,factory_or_powerplant,0,0.09523494
police_station_538_0_msrgb.jpg,police_station,swimming_pool,0,0.48119804
police_station_57_4_msrgb.jpg,police_station,police_station,1,0.93291175
police_station_592_3_msrgb.jpg,police_station,police_station,1,0.59986395
police_station_757_0_msrgb.jpg,police_station,police_station,1,0.543383
police_station_892_0_msrgb.jpg,police_station,police_station,1,0.26423776
police_station_96_8_msrgb.jpg,police_station,police_station,1,0.6990018
port_128_2_msrgb.jpg,port,port,1,0.968826
port_138_8_msrgb.jpg,port,airport_terminal,0,0.20878448
port_197_9_msrgb.jpg,port,port,1,0.8361174
port_202_8_msrgb.jpg,port,port,1,0.81683135
port_221_0_msrgb.jpg,port,port,1,0.9133964
port_235_6_msrgb.jpg,port,port,1,0.51354045
port_256_2_msrgb.jpg,port,nuclear_powerplant,0,0.3875267
port_262_1_msrgb.jpg,port,port,1,0.73466444
port_293_1_msrgb.jpg,port,port,1,0.6386144
port_332_1_msrgb.jpg,port,port,1,0.6758638
port_391_1_msrgb.jpg,port,port,1,0.90529597
port_400_1_msrgb.jpg,port,port,1,0.46288845
port_405_2_msrgb.jpg,port,port,1,0.69738245
port_50_2_msrgb.jpg,port,port,1,0.95103717
port_66_0_msrgb.jpg,port,port,1,0.11794449
prison_11_4_msrgb.jpg,prison,ground_transportation_station,0,0.15361777
prison_122_7_msrgb.jpg,prison,electric_substation,0,0.20395112
prison_167_6_msrgb.jpg,prison,prison,1,0.4762396
prison_193_6_msrgb.jpg,prison,interchange,0,0.2575092
prison_232_9_msrgb.jpg,prison,prison,1,0.53876805
prison_272_4_msrgb.jpg,prison,storage_tank,0,0.18612967
prison_298_0_msrgb.jpg,prison,prison,1,0.17482372
prison_330_2_msrgb.jpg,prison,car_dealership,0,0.16398874
prison_354_1_msrgb.jpg,prison,prison,1,0.51900285
prison_370_1_msrgb.jpg,prison,prison,1,0.54163927
prison_375_0_msrgb.jpg,prison,prison,1,0.8358425
prison_448_1_msrgb.jpg,prison,prison,1,0.65887123
prison_565_0_msrgb.jpg,prison,place_of_worship,0,0.39188632
prison_574_0_msrgb.jpg,prison,toll_booth,0,0.095615745
prison_612_1_msrgb.jpg,prison,prison,1,0.60979486
race_track_1024_1_msrgb.jpg,race_track,race_track,1,0.9199081
race_track_1178_1_msrgb.jpg,race_track,race_track,1,0.6827234
race_track_143_6_msrgb.jpg,race_track,race_track,1,0.98591113
race_track_145_2_msrgb.jpg,race_track,race_track,1,0.9526815
race_track_185_3_msrgb.jpg,race_track,race_track,1,0.92273366
race_track_288_2_msrgb.jpg,race_track,race_track,1,0.9991278
race_track_290_3_msrgb.jpg,race_track,race_track,1,0.525279
race_track_396_17_msrgb.jpg,race_track,race_track,1,0.9922465
race_track_558_3_msrgb.jpg,race_track,race_track,1,0.99373215
race_track_565_4_msrgb.jpg,race_track,race_track,1,0.9905467
race_track_647_5_msrgb.jpg,race_track,race_track,1,0.9961894
race_track_691_0_msrgb.jpg,race_track,race_track,1,0.99793124
race_track_694_7_msrgb.jpg,race_track,interchange,0,0.8893168
race_track_79_11_msrgb.jpg,race_track,race_track,1,0.9962947
race_track_837_0_msrgb.jpg,race_track,race_track,1,0.99884796
railway_bridge_154_6_msrgb.jpg,railway_bridge,railway_bridge,1,0.76888716
railway_bridge_161_0_msrgb.jpg,railway_bridge,railway_bridge,1,0.78955007
railway_bridge_230_7_msrgb.jpg,railway_bridge,railway_bridge,1,0.77262896
railway_bridge_242_0_msrgb.jpg,railway_bridge,ground_transportation_station,0,0.11932877
railway_bridge_27_17_msrgb.jpg,railway_bridge,railway_bridge,1,0.36043113
railway_bridge_330_9_msrgb.jpg,railway_bridge,park,0,0.11167091
railway_bridge_333_11_msrgb.jpg,railway_bridge,road_bridge,0,0.29938102
railway_bridge_382_5_msrgb.jpg,railway_bridge,railway_bridge,1,0.9343864
railway_bridge_384_7_msrgb.jpg,railway_bridge,police_station,0,0.1436174
railway_bridge_399_5_msrgb.jpg,railway_bridge,railway_bridge,1,0.40788957
railway_bridge_469_0_msrgb.jpg,railway_bridge,railway_bridge,1,0.226526
railway_bridge_473_9_msrgb.jpg,railway_bridge,railway_bridge,1,0.42384234
railway_bridge_547_0_msrgb.jpg,railway_bridge,ground_transportation_station,0,0.33489305
railway_bridge_595_4_msrgb.jpg,railway_bridge,railway_bridge,1,0.47382584
railway_bridge_718_1_msrgb.jpg,railway_bridge,railway_bridge,1,0.180116
recreational_facility_11_1_msrgb.jpg,recreational_facility,recreational_facility,1,0.4683879
recreational_facility_1645_8_msrgb.jpg,recreational_facility,police_station,0,0.07470234
recreational_facility_1866_0_msrgb.jpg,recreational_facility,recreational_facility,1,0.38578558
recreational_facility_2693_14_msrgb.jpg,recreational_facility,recreational_facility,1,0.10248809
recreational_facility_2704_29_msrgb.jpg,recreational_facility,airport_terminal,0,0.20584255
recreational_facility_2812_5_msrgb.jpg,recreational_facility,recreational_facility,1,0.73403186
recreational_facility_3115_10_msrgb.jpg,recreational_facility,car_dealership,0,0.28596616
recreational_facility_328_2_msrgb.jpg,recreational_facility,airport_terminal,0,0.281465
recreational_facility_3751_0_msrgb.jpg,recreational_facility,recreational_facility,1,0.8670929
recreational_facility_400_8_msrgb.jpg,recreational_facility,recreational_facility,1,0.13889752
recreational_facility_434_4_msrgb.jpg,recreational_facility,recreational_facility,1,0.4032807
recreational_facility_49_10_msrgb.jpg,recreational_facility,recreational_facility,1,0.97737676
recreational_facility_54_7_msrgb.jpg,recreational_facility,recreational_facility,1,0.35690504
recreational_facility_647_0_msrgb.jpg,recreational_facility,recreational_facility,1,0.98880196
recreational_facility_821_6_msrgb.jpg,recreational_facility,tunnel_opening,0,0.09816084
road_bridge_132_6_msrgb.jpg,road_bridge,road_bridge,1,0.70310956
road_bridge_15_5_msrgb.jpg,road_bridge,crop_field,0,0.17058854
road_bridge_182_1_msrgb.jpg,road_bridge,road_bridge,1,0.47327217
road_bridge_269_0_msrgb.jpg,road_bridge,road_bridge,1,0.6012398
road_bridge_292_5_msrgb.jpg,road_bridge,car_dealership,0,0.30708748
road_bridge_439_4_msrgb.jpg,road_bridge,ground_transportation_station,0,0.35095996
road_bridge_43_8_msrgb.jpg,road_bridge,ground_transportation_station,0,0.22238463
road_bridge_544_1_msrgb.jpg,road_bridge,water_treatment_facility,0,0.18565589
road_bridge_610_4_msrgb.jpg,road_bridge,interchange,0,0.81082493
road_bridge_751_4_msrgb.jpg,road_bridge,barn,0,0.15560175
road_bridge_798_4_msrgb.jpg,road_bridge,fire_station,0,0.13984197
road_bridge_804_4_msrgb.jpg,road_bridge,road_bridge,1,0.18787186
road_bridge_821_0_msrgb.jpg,road_bridge,gas_station,0,0.097011
road_bridge_896_1_msrgb.jpg,road_bridge,car_dealership,0,0.45993495
road_bridge_897_3_msrgb.jpg,road_bridge,lighthouse,0,0.50552875
runway_147_8_msrgb.jpg,runway,runway,1,0.9129792
runway_163_1_msrgb.jpg,runway,airport,0,0.5179799
runway_20_3_msrgb.jpg,runway,runway,1,0.9925783
runway_215_3_msrgb.jpg,runway,runway,1,0.9974565
runway_225_0_msrgb.jpg,runway,runway,1,0.8801024
runway_2_3_msrgb.jpg,runway,runway,1,0.9940001
runway_394_0_msrgb.jpg,runway,runway,1,0.83057994
runway_455_0_msrgb.jpg,runway,runway,1,0.98858505
runway_502_0_msrgb.jpg,runway,runway,1,0.980206
runway_54_5_msrgb.jpg,runway,runway,1,0.580803
runway_608_2_msrgb.jpg,runway,runway,1,0.95816785
runway_61_9_msrgb.jpg,runway,runway,1,0.97685313
runway_628_0_msrgb.jpg,runway,runway,1,0.7805622
runway_816_0_msrgb.jpg,runway,runway,1,0.9988514
runway_98_2_msrgb.jpg,runway,runway,1,0.46650618
shipyard_118_0_msrgb.jpg,shipyard,port,0,0.45672596
shipyard_126_5_msrgb.jpg,shipyard,shipyard,1,0.20150542
shipyard_20_2_msrgb.jpg,shipyard,shipyard,1,0.50749964
shipyard_25_0_msrgb.jpg,shipyard,shipyard,1,0.39405176
shipyard_27_2_msrgb.jpg,shipyard,shipyard,1,0.15262991
shipyard_28_0_msrgb.jpg,shipyard,shipyard,1,0.9739347
shipyard_28_2_msrgb.jpg,shipyard,shipyard,1,0.8028617
shipyard_28_5_msrgb.jpg,shipyard,shipyard,1,0.7101362
shipyard_38_9_msrgb.jpg,shipyard,shipyard,1,0.6099604
shipyard_66_4_msrgb.jpg,shipyard,shipyard,1,0.9103572
shipyard_71_2_msrgb.jpg,shipyard,shipyard,1,0.7048368
shipyard_76_4_msrgb.jpg,shipyard,impoverished_settlement,0,0.31791833
shipyard_93_4_msrgb.jpg,shipyard,shipyard,1,0.6026357
shipyard_94_9_msrgb.jpg,shipyard,impoverished_settlement,0,0.56015503
shopping_mall_237_10_msrgb.jpg,shopping_mall,shopping_mall,1,0.3839389
shopping_mall_252_1_msrgb.jpg,shopping_mall,shopping_mall,1,0.39584285
shopping_mall_356_7_msrgb.jpg,shopping_mall,shopping_mall,1,0.91678596
shopping_mall_377_3_msrgb.jpg,shopping_mall,car_dealership,0,0.8439113
shopping_mall_438_2_msrgb.jpg,shopping_mall,shopping_mall,1,0.90499943
shopping_mall_476_0_msrgb.jpg,shopping_mall,car_dealership,0,0.5846341
shopping_mall_47_0_msrgb.jpg,shopping_mall,shopping_mall,1,0.74991804
shopping_mall_481_4_msrgb.jpg,shopping_mall,shopping_mall,1,0.98991466
shopping_mall_514_7_msrgb.jpg,shopping_mall,car_dealership,0,0.7092404
shopping_mall_614_0_msrgb.jpg,shopping_mall,shopping_mall,1,0.34490657
shopping_mall_61_3_msrgb.jpg,shopping_mall,ground_transportation_station,0,0.10591858
shopping_mall_661_9_msrgb.jpg,shopping_mall,police_station,0,0.14259073
shopping_mall_668_0_msrgb.jpg,shopping_mall,shopping_mall,1,0.9272696
shopping_mall_712_2_msrgb.jpg,shopping_mall,shopping_mall,1,0.55262405
shopping_mall_908_1_msrgb.jpg,shopping_mall,road_bridge,0,0.10583285
single-unit_residential_1036_0_msrgb.jpg,single-unit_residential,place_of_worship,0,0.14024825
single-unit_residential_1338_5_msrgb.jpg,single-unit_residential,swimming_pool,0,0.21278694
single-unit_residential_1858_3_msrgb.jpg,single-unit_residential,place_of_worship,0,0.20979433
single-unit_residential_1883_11_msrgb.jpg,single-unit_residential,car_dealership,0,0.16748612
single-unit_residential_1948_3_msrgb.jpg,single-unit_residential,single-unit_residential,1,0.31334668
single-unit_residential_2060_1_msrgb.jpg,single-unit_residential,single-unit_residential,1,0.27330166
single-unit_residential_2095_1_msrgb.jpg,single-unit_residential,swimming_pool,0,0.5292231
single-unit_residential_2154_14_msrgb.jpg,single-unit_residential,swimming_pool,0,0.07152836
single-unit_residential_2238_4_msrgb.jpg,single-unit_residential,burial_site,0,0.11464517
single-unit_residential_230_4_msrgb.jpg,single-unit_residential,single-unit_residential,1,0.5395462
single-unit_residential_2586_2_msrgb.jpg,single-unit_residential,single-unit_residential,1,0.24858971
single-unit_residential_353_6_msrgb.jpg,single-unit_residential,single-unit_residential,1,0.34555325
single-unit_residential_654_5_msrgb.jpg,single-unit_residential,single-unit_residential,1,0.7067543
single-unit_residential_884_1_msrgb.jpg,single-unit_residential,single-unit_residential,1,0.43757808
single-unit_residential_986_7_msrgb.jpg,single-unit_residential,ground_transportation_station,0,0.17867208
smokestack_117_3_msrgb.jpg,smokestack,factory_or_powerplant,0,0.15912756
smokestack_121_3_msrgb.jpg,smokestack,gas_station,0,0.09442403
smokestack_129_2_msrgb.jpg,smokestack,helipad,0,0.09767144
smokestack_141_1_msrgb.jpg,smokestack,tunnel_opening,0,0.1523676
smokestack_156_1_msrgb.jpg,smokestack,toll_booth,0,0.118155636
smokestack_178_0_msrgb.jpg,smokestack,border_checkpoint,0,0.1465547
smokestack_281_5_msrgb.jpg,smokestack,smokestack,1,0.13833101
smokestack_316_14_msrgb.jpg,smokestack,smokestack,1,0.08661614
smokestack_31_3_msrgb.jpg,smokestack,factory_or_powerplant,0,0.07495358
smokestack_330_3_msrgb.jpg,smokestack,electric_substation,0,0.5647895
smokestack_337_5_msrgb.jpg,smokestack,factory_or_powerplant,0,0.13639703
smokestack_33_7_msrgb.jpg,smokestack,road_bridge,0,0.15615065
smokestack_395_7_msrgb.jpg,smokestack,smokestack,1,0.09165128
smokestack_514_2_msrgb.jpg,smokestack,educational_institution,0,0.08149929
smokestack_543_8_msrgb.jpg,smokestack,car_dealership,0,0.09151841
solar_farm_1012_1_msrgb.jpg,solar_farm,solar_farm,1,0.22899708
solar_farm_1061_1_msrgb.jpg,solar_farm,solar_farm,1,0.9991596
solar_farm_1090_1_msrgb.jpg,solar_farm,airport_hangar,0,0.27735665
solar_farm_117_0_msrgb.jpg,solar_farm,solar_farm,1,0.9874005
solar_farm_1235_1_msrgb.jpg,solar_farm,solar_farm,1,0.9999627
solar_farm_1330_1_msrgb.jpg,solar_farm,solar_farm,1,0.20335394
solar_farm_139_0_msrgb.jpg,solar_farm,shopping_mall,0,0.41975287
solar_farm_1758_0_msrgb.jpg,solar_farm,solar_farm,1,0.89527965
solar_farm_1823_2_msrgb.jpg,solar_farm,crop_field,0,0.21781926
solar_farm_1882_1_msrgb.jpg,solar_farm,storage_tank,0,0.18969707
solar_farm_2135_0_msrgb.jpg,solar_farm,solar_farm,1,0.9899548
solar_farm_2218_0_msrgb.jpg,solar_farm,gas_station,0,0.114804186
solar_farm_538_0_msrgb.jpg,solar_farm,solar_farm,1,0.99198145
solar_farm_795_3_msrgb.jpg,solar_farm,prison,0,0.10684442
solar_farm_907_0_msrgb.jpg,solar_farm,solar_farm,1,0.62717915
space_facility_10_6_msrgb.jpg,space_facility,space_facility,1,0.99956745
space_facility_11_7_msrgb.jpg,space_facility,space_facility,1,0.9990196
space_facility_11_8_msrgb.jpg,space_facility,space_facility,1,0.99634016
space_facility_15_3_msrgb.jpg,space_facility,space_facility,1,0.9432111
space_facility_16_4_msrgb.jpg,space_facility,space_facility,1,0.9939774
space_facility_17_1_msrgb.jpg,space_facility,tunnel_opening,0,0.69775164
space_facility_23_0_msrgb.jpg,space_facility,space_facility,1,0.9946608
space_facility_24_7_msrgb.jpg,space_facility,space_facility,1,0.9980578
space_facility_2_1_msrgb.jpg,space_facility,space_facility,1,0.9989555
space_facility_31_8_msrgb.jpg,space_facility,space_facility,1,0.96824676
space_facility_35_2_msrgb.jpg,space_facility,space_facility,1,0.73250836
space_facility_38_6_msrgb.jpg,space_facility,space_facility,1,0.993006
space_facility_8_6_msrgb.jpg,space_facility,space_facility,1,0.99633837
space_facility_9_1_msrgb.jpg,space_facility,space_facility,1,0.9106867
stadium_165_4_msrgb.jpg,stadium,stadium,1,0.99951446
stadium_194_6_msrgb.jpg,stadium,stadium,1,0.9999194
stadium_25_2_msrgb.jpg,stadium,stadium,1,0.99651164
stadium_261_14_msrgb.jpg,stadium,stadium,1,0.9996729
stadium_272_3_msrgb.jpg,stadium,stadium,1,0.9996257
stadium_306_5_msrgb.jpg,stadium,stadium,1,0.9859022
stadium_307_6_msrgb.jpg,stadium,stadium,1,0.94225395
stadium_325_27_msrgb.jpg,stadium,stadium,1,0.999537
stadium_356_3_msrgb.jpg,stadium,stadium,1,0.91169876
stadium_382_9_msrgb.jpg,stadium,stadium,1,0.9993861
stadium_411_12_msrgb.jpg,stadium,stadium,1,0.9999858
stadium_446_15_msrgb.jpg,stadium,stadium,1,0.95607054
stadium_449_5_msrgb.jpg,stadium,stadium,1,0.9999435
stadium_488_1_msrgb.jpg,stadium,stadium,1,0.999966
stadium_83_0_msrgb.jpg,stadium,stadium,1,0.9999945
storage_tank_136_9_msrgb.jpg,storage_tank,interchange,0,0.06610805
storage_tank_206_0_msrgb.jpg,storage_tank,storage_tank,1,0.17662682
storage_tank_211_9_msrgb.jpg,storage_tank,storage_tank,1,0.9689067
storage_tank_289_5_msrgb.jpg,storage_tank,storage_tank,1,0.9899565
storage_tank_323_0_msrgb.jpg,storage_tank,factory_or_powerplant,0,0.15590215
storage_tank_425_6_msrgb.jpg,storage_tank,solar_farm,0,0.35596848
storage_tank_442_6_msrgb.jpg,storage_tank,storage_tank,1,0.99982953
storage_tank_532_1_msrgb.jpg,storage_tank,surface_mine,0,0.10229659
storage_tank_719_1_msrgb.jpg,storage_tank,car_dealership,0,0.23336963
storage_tank_751_0_msrgb.jpg,storage_tank,storage_tank,1,0.9998258
storage_tank_798_8_msrgb.jpg,storage_tank,storage_tank,1,0.99987936
storage_tank_865_3_msrgb.jpg,storage_tank,airport_hangar,0,0.42340392
storage_tank_873_1_msrgb.jpg,storage_tank,storage_tank,1,0.9998627
storage_tank_887_2_msrgb.jpg,storage_tank,storage_tank,1,0.99407935
storage_tank_994_5_msrgb.jpg,storage_tank,storage_tank,1,0.7438016
surface_mine_1153_0_msrgb.jpg,surface_mine,archaeological_site,0,0.44023272
surface_mine_1279_4_msrgb.jpg,surface_mine,surface_mine,1,0.83925325
surface_mine_1408_0_msrgb.jpg,surface_mine,surface_mine,1,0.9770373
surface_mine_1454_2_msrgb.jpg,surface_mine,surface_mine,1,0.99197525
surface_mine_1535_0_msrgb.jpg,surface_mine,surface_mine,1,0.7074374
surface_mine_1643_0_msrgb.jpg,surface_mine,surface_mine,1,0.9789449
surface_mine_216_2_msrgb.jpg,surface_mine,surface_mine,1,0.32215607
surface_mine_365_2_msrgb.jpg,surface_mine,surface_mine,1,0.49297675
surface_mine_419_1_msrgb.jpg,surface_mine,tunnel_opening,0,0.116444916
surface_mine_529_1_msrgb.jpg,surface_mine,surface_mine,1,0.99928135
surface_mine_568_3_msrgb.jpg,surface_mine,surface_mine,1,0.95687526
surface_mine_628_5_msrgb.jpg,surface_mine,surface_mine,1,0.93506557
surface_mine_810_0_msrgb.jpg,surface_mine,surface_mine,1,0.7173768
surface_mine_839_3_msrgb.jpg,surface_mine,surface_mine,1,0.96096176
surface_mine_887_1_msrgb.jpg,surface_mine,electric_substation,0,0.7227262
swimming_pool_209_2_msrgb.jpg,swimming_pool,swimming_pool,1,0.40689453
swimming_pool_20_6_msrgb.jpg,swimming_pool,swimming_pool,1,0.266337
swimming_pool_232_0_msrgb.jpg,swimming_pool,swimming_pool,1,0.33808598
swimming_pool_242_18_msrgb.jpg,swimming_pool,swimming_pool,1,0.6327934
swimming_pool_247_3_msrgb.jpg,swimming_pool,archaeological_site,0,0.24864694
swimming_pool_35_11_msrgb.jpg,swimming_pool,swimming_pool,1,0.70582217
swimming_pool_416_19_msrgb.jpg,swimming_pool,burial_site,0,0.1587878
swimming_pool_476_6_msrgb.jpg,swimming_pool,gas_station,0,0.08384751
swimming_pool_494_2_msrgb.jpg,swimming_pool,office_building,0,0.14202745
swimming_pool_571_11_msrgb.jpg,swimming_pool,swimming_pool,1,0.7886314
swimming_pool_59_5_msrgb.jpg,swimming_pool,burial_site,0,0.098729
swimming_pool_784_13_msrgb.jpg,swimming_pool,swimming_pool,1,0.19975114
swimming_pool_79_9_msrgb.jpg,swimming_pool,swimming_pool,1,0.35620263
swimming_pool_845_5_msrgb.jpg,swimming_pool,swimming_pool,1,0.7653547
swimming_pool_882_5_msrgb.jpg,swimming_pool,police_station,0,0.17939046
toll_booth_1053_0_msrgb.jpg,toll_booth,toll_booth,1,0.76123977
toll_booth_1200_1_msrgb.jpg,toll_booth,toll_booth,1,0.83004373
toll_booth_124_8_msrgb.jpg,toll_booth,toll_booth,1,0.78648424
toll_booth_148_0_msrgb.jpg,toll_booth,toll_booth,1,0.19706032
toll_booth_20_3_msrgb.jpg,toll_booth,tunnel_opening,0,0.18561424
toll_booth_23_0_msrgb.jpg,toll_booth,toll_booth,1,0.92613506
toll_booth_391_3_msrgb.jpg,toll_booth,toll_booth,1,0.8993184
toll_booth_397_9_msrgb.jpg,toll_booth,railway_bridge,0,0.38270792
toll_booth_433_2_msrgb.jpg,toll_booth,toll_booth,1,0.6904775
toll_booth_496_0_msrgb.jpg,toll_booth,toll_booth,1,0.9299365
toll_booth_51_2_msrgb.jpg,toll_booth,toll_booth,1,0.9570527
toll_booth_584_8_msrgb.jpg,toll_booth,toll_booth,1,0.84065276
toll_booth_754_0_msrgb.jpg,toll_booth,toll_booth,1,0.6200437
toll_booth_762_1_msrgb.jpg,toll_booth,toll_booth,1,0.965869
toll_booth_919_1_msrgb.jpg,toll_booth,toll_booth,1,0.66738176
tower_111_7_msrgb.jpg,tower,place_of_worship,0,0.20396098
tower_1158_1_msrgb.jpg,tower,storage_tank,0,0.44592035
tower_1402_0_msrgb.jpg,tower,tower,1,0.54126406
tower_1884_5_msrgb.jpg,tower,flooded_road,0,0.18637459
tower_1894_14_msrgb.jpg,tower,ground_transportation_station,0,0.10507281
tower_26_21_msrgb.jpg,tower,park,0,0.17598219
tower_33_7_msrgb.jpg,tower,airport_terminal,0,0.10550177
tower_503_1_msrgb.jpg,tower,water_treatment_facility,0,0.16067462
tower_688_0_msrgb.jpg,tower,car_dealership,0,0.2067398
tower_68_0_msrgb.jpg,tower,archaeological_site,0,0.5090915
tower_691_4_msrgb.jpg,tower,airport_terminal,0,0.3396381
tower_76_4_msrgb.jpg,tower,tower,1,0.16766335
tower_781_2_msrgb.jpg,tower,shopping_mall,0,0.6271232
tower_815_4_msrgb.jpg,tower,impoverished_settlement,0,0.12694006
tower_978_1_msrgb.jpg,tower,tower,1,0.28423506
tunnel_opening_1064_0_msrgb.jpg,tunnel_opening,tunnel_opening,1,0.9606947
tunnel_opening_1075_0_msrgb.jpg,tunnel_opening,tunnel_opening,1,0.4812371
tunnel_opening_1128_1_msrgb.jpg,tunnel_opening,tunnel_opening,1,0.9879802
tunnel_opening_1160_3_msrgb.jpg,tunnel_opening,tunnel_opening,1,0.99817646
tunnel_opening_1284_1_msrgb.jpg,tunnel_opening,tunnel_opening,1,0.7614667
tunnel_opening_1374_0_msrgb.jpg,tunnel_opening,tunnel_opening,1,0.8055909
tunnel_opening_1492_4_msrgb.jpg,tunnel_opening,tunnel_opening,1,0.99813855
tunnel_opening_1546_2_msrgb.jpg,tunnel_opening,tunnel_opening,1,0.99843794
tunnel_opening_1630_0_msrgb.jpg,tunnel_opening,tunnel_opening,1,0.6723523
tunnel_opening_248_0_msrgb.jpg,tunnel_opening,tunnel_opening,1,0.4225625
tunnel_opening_404_1_msrgb.jpg,tunnel_opening,tunnel_opening,1,0.79195094
tunnel_opening_524_1_msrgb.jpg,tunnel_opening,tunnel_opening,1,0.99807966
tunnel_opening_674_0_msrgb.jpg,tunnel_opening,tunnel_opening,1,0.8967072
tunnel_opening_97_9_msrgb.jpg,tunnel_opening,tunnel_opening,1,0.85680795
tunnel_opening_988_1_msrgb.jpg,tunnel_opening,tunnel_opening,1,0.89342016
waste_disposal_159_2_msrgb.jpg,waste_disposal,smokestack,0,0.07453757
waste_disposal_170_6_msrgb.jpg,waste_disposal,zoo,0,0.2705547
waste_disposal_18_2_msrgb.jpg,waste_disposal,waste_disposal,1,0.12362446
waste_disposal_279_3_msrgb.jpg,waste_disposal,oil_or_gas_facility,0,0.36401913
waste_disposal_349_2_msrgb.jpg,waste_disposal,ground_transportation_station,0,0.10172941
waste_disposal_440_2_msrgb.jpg,waste_disposal,fire_station,0,0.06134599
waste_disposal_492_9_msrgb.jpg,waste_disposal,tunnel_opening,0,0.3845266
waste_disposal_493_3_msrgb.jpg,waste_disposal,shopping_mall,0,0.3333267
waste_disposal_520_4_msrgb.jpg,waste_disposal,ground_transportation_station,0,0.18828003
waste_disposal_523_3_msrgb.jpg,waste_disposal,wind_farm,0,0.6652894
waste_disposal_537_0_msrgb.jpg,waste_disposal,water_treatment_facility,0,0.14794281
waste_disposal_60_3_msrgb.jpg,waste_disposal,road_bridge,0,0.08629866
waste_disposal_67_4_msrgb.jpg,waste_disposal,waste_disposal,1,0.10248383
waste_disposal_86_2_msrgb.jpg,waste_disposal,car_dealership,0,0.09297741
water_treatment_facility_107_0_msrgb.jpg,water_treatment_facility,water_treatment_facility,1,0.71307737
water_treatment_facility_1119_0_msrgb.jpg,water_treatment_facility,water_treatment_facility,1,0.9990422
water_treatment_facility_138_1_msrgb.jpg,water_treatment_facility,water_treatment_facility,1,0.9515799
water_treatment_facility_1452_0_msrgb.jpg,water_treatment_facility,water_treatment_facility,1,0.91325265
water_treatment_facility_1529_0_msrgb.jpg,water_treatment_facility,water_treatment_facility,1,0.9399799
water_treatment_facility_1578_2_msrgb.jpg,water_treatment_facility,water_treatment_facility,1,0.7386398
water_treatment_facility_390_1_msrgb.jpg,water_treatment_facility,crop_field,0,0.22999495
water_treatment_facility_491_0_msrgb.jpg,water_treatment_facility,water_treatment_facility,1,0.52116686
water_treatment_facility_577_4_msrgb.jpg,water_treatment_facility,water_treatment_facility,1,0.67007864
water_treatment_facility_636_1_msrgb.jpg,water_treatment_facility,water_treatment_facility,1,0.7450416
water_treatment_facility_643_5_msrgb.jpg,water_treatment_facility,water_treatment_facility,1,0.9982475
water_treatment_facility_705_8_msrgb.jpg,water_treatment_facility,zoo,0,0.30377486
water_treatment_facility_822_0_msrgb.jpg,water_treatment_facility,water_treatment_facility,1,0.9413895
water_treatment_facility_825_1_msrgb.jpg,water_treatment_facility,water_treatment_facility,1,0.65803623
water_treatment_facility_84_2_msrgb.jpg,water_treatment_facility,tunnel_opening,0,0.2575938
wind_farm_1074_0_msrgb.jpg,wind_farm,wind_farm,1,0.14378865
wind_farm_1148_2_msrgb.jpg,wind_farm,wind_farm,1,0.993034
wind_farm_155_1_msrgb.jpg,wind_farm,railway_bridge,0,0.30786684
wind_farm_163_4_msrgb.jpg,wind_farm,race_track,0,0.48751903
wind_farm_1799_0_msrgb.jpg,wind_farm,wind_farm,1,0.45648035
wind_farm_192_2_msrgb.jpg,wind_farm,wind_farm,1,0.40373594
wind_farm_2011_8_msrgb.jpg,wind_farm,lighthouse,0,0.60696906
wind_farm_2183_7_msrgb.jpg,wind_farm,wind_farm,1,0.1993846
wind_farm_2248_3_msrgb.jpg,wind_farm,wind_farm,1,0.96384346
wind_farm_2322_0_msrgb.jpg,wind_farm,wind_farm,1,0.9957373
wind_farm_312_4_msrgb.jpg,wind_farm,wind_farm,1,0.9979506
wind_farm_63_1_msrgb.jpg,wind_farm,wind_farm,1,0.99986446
wind_farm_681_0_msrgb.jpg,wind_farm,wind_farm,1,0.9997675
wind_farm_742_0_msrgb.jpg,wind_farm,wind_farm,1,0.36149505
wind_farm_989_0_msrgb.jpg,wind_farm,oil_or_gas_facility,0,0.46177375
zoo_109_2_msrgb.jpg,zoo,zoo,1,0.58158875
zoo_127_1_msrgb.jpg,zoo,zoo,1,0.27055195
zoo_139_6_msrgb.jpg,zoo,single-unit_residential,0,0.0991066
zoo_145_0_msrgb.jpg,zoo,golf_course,0,0.37839505
zoo_158_8_msrgb.jpg,zoo,zoo,1,0.62187165
zoo_1_5_msrgb.jpg,zoo,zoo,1,0.32668316
zoo_208_1_msrgb.jpg,zoo,amusement_park,0,0.22815903
zoo_231_1_msrgb.jpg,zoo,multi-unit_residential,0,0.07037164
zoo_267_0_msrgb.jpg,zoo,zoo,1,0.099146895
zoo_270_1_msrgb.jpg,zoo,archaeological_site,0,0.52619725
zoo_34_6_msrgb.jpg,zoo,stadium,0,0.6240857
zoo_37_2_msrgb.jpg,zoo,zoo,1,0.17012754
zoo_42_4_msrgb.jpg,zoo,zoo,1,0.13129452
zoo_53_1_msrgb.jpg,zoo,zoo,1,0.11719653
zoo_98_8_msrgb.jpg,zoo,port,0,0.33933896
